,21.99,21.91,21.83,21.75,21.67,21.59,21.51,21.43,21.34,21.26,21.18,21.1,21.02,20.94,20.86,20.78,20.7,20.62,20.54,20.46,20.38,20.3,20.22,20.14,20.06,19.98,19.9,19.82,19.74,19.66,19.58,19.5,19.42,19.34,19.26,19.18,19.1,19.02,18.94,18.86,18.79,18.71,18.63,18.55,18.47,18.39,18.31,18.23,18.16,18.08,18,17.92,17.84,17.76,17.68,17.61,17.53,17.45,17.37,17.29,17.22,17.14,17.06,16.98,16.91,16.83,16.75,16.67,16.6,16.52,16.44,16.36,16.29,16.21,16.13,16.05,15.98,15.9,15.82,15.75,15.67,15.59,15.51,15.44,15.36,15.28,15.21,15.13,15.05,14.98,14.9,14.82,14.75,14.67,14.6,14.52,14.44,14.37,14.29,14.21,14.14,14.06,13.99,13.91,13.83,13.76,13.68,13.61,13.53,13.46,13.38,13.3,13.23,13.15,13.08,13,12.93,12.85,12.78,12.7,12.62,12.55,12.47,12.4,12.32,12.25,12.17,12.1,12.02,11.95,11.87,11.8,11.72,11.65,11.57,11.5,11.42,11.35,11.27,11.2,11.12,11.05,10.97,10.9,10.83,10.75,10.68,10.6,10.53,10.45,10.38,10.3,10.23,10.16,10.08,10.01,9.93,9.86,9.78,9.71,9.64,9.56,9.49,9.41,9.34,9.27,9.19,9.12,9.04,8.97,8.9,8.82,8.75,8.67,8.6,8.53,8.45,8.38,8.31,8.23,8.16,8.08,8.01
82,294.468,289.304,289.954,285.334,281.796,283.73,278.267,272.901,267.741,267.999,268.998,268.752,267.086,266.683,267.482,268.253,270.07,268.752,265.993,264.696,265.426,268.377,268.126,269.119,271.313,273.412,277.015,281.655,283.67,282.886,282.55,287.402,291.665,294.019,296.013,295.351,296.54,294.554,296.612,294.703,294.735,296.686,299.449,301.35,300.54,300.485,297.904,292.108,295.27,293.559,292.567,293.974,296.686,289.381,281.844,281.157,281.366,275.146,272.804,272.493,276.92,279.531,281.161,279.53,277.86,277.694,280.285,280.722,277.526,275.24,271.748,267.999,268.379,265.853,265.569,264.547,262.009,260.434,260.973,261.669,260.436,260.253,262.009,262.835,262.009,262.343,262.996,262.672,262.835,262.835,262.835,263.941,264.696,265.426,264.696,263.94,265.852,269.835,268.25,270.641,276.052,279.298,280.727,283.34,280.191,271.529,269.716,274.488,279.295,283.666,285.871,285.039,284.231,290.539,292.608,291.342,289.189,283.669,285.93,289.738,295.376,295.433,294.507,297.779,297.742,297.995,305.731,307.558,306.88,306.227,305.607,304.497,304.043,303.788,299.353,298.919,298.228,294.023,291.939,289.506,292.346,294.262,297.057,294.913,296.941,292.114,289.956,290.001,292.61,291.668,292.121,293.936,296.204,298.023,294.298,285.151,279.759,284.602,289.452,284.861,284.609,285.983,296.575,298.784,300.007,299.715,296.318,277.102,283.171,299.663,304.238,303.021,307.833,308.105,308.082,307.489,307.902,308.059,307.348,306.37,306.466,306.507,300.973
82.07,293.252,287.994,292.338,287.227,282.074,282.338,275.605,272.068,268.126,270.069,271.092,269.36,267.086,266.547,266.818,266.952,268.503,266.951,263.629,262.343,264.246,266.272,267.482,269.835,271.424,272.596,275.968,280.431,283.599,281.795,279.987,282.477,285.874,288.31,294.219,293.898,295.857,295.743,296.355,295.119,294.207,296.869,298.682,299.973,299.32,298.68,299.387,293.33,293.937,293.689,291.94,295.193,296.615,295.379,280.845,276.317,274.391,271.748,273.414,272.493,276.056,280.359,279.531,277.527,277.274,276.324,277.606,275.696,274.867,274.489,270.527,267.871,267.086,265.137,263.157,262.508,261.669,259.315,260.253,261.497,260.973,261.324,262.509,262.672,262.176,262.835,262.344,262.509,261.497,262.997,263.63,263.63,262.343,263.94,263.473,262.509,263.474,264.991,264.093,267.871,272.589,279.449,285.16,287.181,286.762,271.957,270.756,272.596,277.688,285.923,290.527,283.669,284.736,290.779,291.714,290.587,286.563,283.796,288.58,294.253,299.317,298.966,296.352,298.883,300.163,300.676,306.422,307.304,307.327,306.759,305.014,302.645,302.851,301.739,299.121,299.115,295.231,291.57,288.211,290.967,293.899,295.588,297.458,296.466,293.563,292.031,290.2,288.11,290.388,294.269,292.6,296.839,297.486,294.186,290.714,280.793,279.834,286.393,289.954,286.684,283.328,278.478,296.715,301.472,299.649,297.955,294.345,281.147,286.617,288.366,290.623,294.589,304.906,308.66,308.483,307.833,308.012,306.031,305.607,305.556,305.83,303.226,297.133
82.15,283.767,291.063,290.342,285.868,281.445,281.932,277.775,274.861,271.422,273.71,273.611,270.643,268.504,267.351,266.683,265.854,265.137,264.093,262.672,262.508,264.245,265.138,266.546,268.251,269.481,272.699,276.412,278.985,283.21,283.541,281.656,282.482,285.876,286.168,290.908,292.155,295.109,296.913,297.242,296.242,296.127,297.67,297.708,296.982,298.543,299.351,297.088,294.062,294.272,293.941,295.389,294.393,295.274,296.539,286.166,274.39,270.982,270.069,272.906,274.489,278.669,280.062,277.607,275.334,276.059,272.905,272.28,271.422,271.64,272.387,270.301,268.379,265.282,263.94,263.786,263.474,263.157,260.432,258.734,261.669,260.616,260.616,262.009,262.508,262.997,262.343,261.84,261.497,262.344,262.997,264.094,263.63,262.343,262.508,261.84,262.176,262.177,263.316,264.843,267.742,271.955,279.139,285.453,289.995,284.599,278.347,272.802,272.283,275.515,281.829,289.743,284.114,284.669,290.201,289.052,287.735,285.344,285.035,290.898,298.59,302.735,301.63,295.615,300.422,301.072,303.629,306.904,306.879,306.761,306.297,303.242,300.671,301.712,299.873,295.999,290.15,288.751,288.738,287.116,291.005,295.435,297.09,298.151,292.636,294.12,288.681,283.965,284.42,290.726,295.82,298.301,298.336,296.23,295.198,291.135,279.372,278.985,282.745,287.501,286.904,281.928,284.784,298.218,299.343,298.074,298.05,290.132,273.096,281.446,285.448,293.776,302.248,304.282,309.092,308.329,308.571,307.039,303.405,299.774,303.239,305.582,303.276,296.864
82.21,284.403,289.853,286.907,284.109,282.414,283.988,282.004,282.064,275.608,275.056,272.698,269.952,268.253,265.711,265.137,264.844,261.839,262.176,261.497,261.324,262.508,261.668,264.093,265.137,265.712,270.973,277.933,282.34,284.859,285.102,285.101,284.8,284.242,284.799,287.57,287.842,291.013,295.933,296.391,295.706,295.158,297.491,299.219,298.636,298.164,300.26,295.887,293.52,293.731,293.262,295.546,293.77,295.236,296.127,285.152,275.331,271.856,272.8,275.497,284.133,282.947,278.828,277.523,275.969,274.962,269.715,267.998,268.628,268.252,269.24,268.629,268.253,266.134,262.995,261.497,263.316,262.009,258.928,260.436,260.973,260.795,261.497,261.669,262.672,262.672,261.324,262.177,262.176,262.176,262.672,265.137,263.472,261.497,261.323,261.497,261.84,261.149,263.786,265.426,265.994,271.629,279.982,284.61,286.891,282.55,278.748,273.512,271.533,274.393,278.18,283.462,283.406,283.919,287.562,284.605,285.397,287.725,290.44,293.179,302.559,304.967,301.479,294.942,299.941,301.648,303.769,306.494,307.092,306.713,306.128,303.737,300.64,301.436,297.313,293.841,286.453,287.838,291.246,293.42,288.924,296.729,298.305,297.313,295.338,288.637,285.582,283.017,285.87,291.754,296.687,299.813,298.4,293.897,294.429,288.415,283.476,284.981,283.411,280.283,274.766,275.177,290.724,296.241,296.392,297.421,294.604,280.123,278.138,289.793,293.872,303.323,305.252,306.098,308.769,308.572,308.899,306.941,303.326,303.274,303.301,304.118,302.558,299.878
82.29,282.985,288.595,276.305,283.082,283.148,285.22,281.442,283.274,276.234,273.312,270.98,268.253,268.126,265.853,263.316,262.672,259.884,261.324,262.509,261.324,259.696,259.883,262.835,264.844,265.427,269.358,274.679,278.022,282.749,285.637,286.683,284.24,284.922,286.797,285.041,284.922,287.569,293.127,293.178,295.118,293.771,293.978,295.731,297.649,298.707,298.125,294.835,289.75,290.442,291.576,293.561,294.556,295.854,291.336,283.378,279.758,275.607,278.263,285.336,286.998,277.857,274.1,272.175,271.31,271.637,267.482,267.219,265.712,265.137,266.134,266.682,266.409,264.246,262.343,261.839,261.669,261.324,259.506,260.796,261.149,261.497,261.839,261.669,262.344,262.009,262.009,262.835,262.673,261.84,262.009,261.84,261.324,260.973,260.435,260.973,261.497,261.149,264.844,266.547,264.547,271.94,283.147,284.677,285.402,284.96,274.953,268.251,268.379,272.386,272.802,273.406,278.82,284.05,283.794,281.372,285.033,293.473,296.769,302.498,304.496,303.271,298.864,292.589,299.611,302.88,303.106,304.015,305.069,306.055,305.556,304.629,302.903,301.372,296.318,294.018,288.678,285.066,293.772,292.866,291.126,298.163,297.241,298.369,299.471,292.339,286.681,285.399,288.321,291.056,295.586,297.56,295.222,296.012,292.855,283.989,283.082,284.484,280.21,277.103,271.855,276.309,293.978,298.023,296.944,297.563,294.059,281.075,286.729,289.934,297.519,299.424,299.597,303.645,307.878,308.878,308.101,304.779,301.443,301.412,299.646,297.829,299.049,299.221
82.36,288.159,285.167,273.196,279.833,282.75,278.096,275.603,277.76,273.309,269.716,268.126,267.741,266.41,264.396,262.834,260.435,259.697,260.068,261.149,260.973,261.669,261.84,263.157,264.245,264.844,269.237,273.711,274.101,277.608,282.474,287.734,284.049,281.517,286.454,285.935,285.043,286.852,291.709,293.35,295.194,292.778,291.437,290.197,293.6,297.937,293.112,295.27,289.89,287.346,290.631,292.91,293.474,296.943,292.911,289.44,282.883,280.847,278.589,285.042,283.016,278.175,272.492,268.504,265.711,265.993,267.739,268.875,265.137,263.786,264.246,266.41,266.818,264.245,262.672,262.508,261.497,260.435,260.252,260.795,261.669,261.149,261.324,261.324,262.008,262.343,261.84,263.315,262.177,262.672,262.508,262.176,261.84,260.973,260.795,261.324,261.669,261.149,262.175,263.785,263.316,268.979,279.805,286.683,285.162,281.862,275.51,267.611,268.503,269.119,268.253,268.378,274.198,279.757,280.576,277.527,283.133,293.507,300.094,304.523,304.966,301.972,297.916,297.112,301.015,302.536,303.048,302.356,303.935,304.654,304.629,304.043,304.285,302.077,295,294.638,292.599,287.171,293.983,294.757,292.826,295.818,295.927,299.748,297.845,294.476,292.512,287.892,292.381,296.242,295.898,293.219,292.474,294.59,289.649,282.752,283.539,285.092,276.756,274.585,274.001,279.296,294.636,297.305,293.434,292.737,288.339,276.185,284.519,280.859,288.513,293.206,293.647,303.15,307.582,308.172,307.695,304.568,300.421,299.314,302.507,301.591,298.095,297.812
82.43,282.549,283.989,281.716,277.274,281.585,281.91,270.642,269.834,269.239,268.379,269.6,268.997,266.952,265.57,262.508,261.148,259.317,260.795,261.324,261.669,262.176,262.996,262.997,263.157,263.786,268.122,271.093,270.644,275.332,281.79,287.736,286.676,281.726,284.847,288.943,287.067,286.683,289.801,291.012,292.874,292.874,292.435,291.436,290.005,292.785,293.393,291.529,288.998,288.732,289.407,290.202,292.558,296.578,295.393,291.558,284.857,281.161,282.065,284.922,281.651,276.498,273.211,267.218,263.786,263.786,264.093,264.093,263.786,263.157,262.997,265.853,265.853,263.314,262.176,261.324,260.616,260.973,260.069,260.973,260.795,259.317,261.324,261.149,261.149,262.343,262.177,262.343,262.996,263.157,262.176,262.835,263.474,262.343,262.509,261.497,261.497,260.616,261.497,261.669,262.672,268.852,278.745,281.935,284.922,284.674,278.583,269.599,266.41,266.134,265.854,267.998,272.8,276.058,275.146,275.241,281.847,292.992,300.186,304.682,303.765,299.661,294.549,298.714,301.077,301.411,302.734,301.591,303.413,304.522,304.915,303.467,303.413,301.195,293.043,295.74,294.328,292.641,292.656,292.108,289.798,293.889,298.676,299.008,298.229,296.203,294.911,291.334,295.471,296.464,296.088,293.091,292.346,291.528,289.198,284.552,285.093,278.011,277.441,280.276,284.034,289.115,295.706,295.275,295.509,293.928,285.322,275.854,283.959,286.964,285.812,290.799,299.146,304.965,307.091,306.314,305.55,300.867,294.178,297.042,302.708,301.166,299.05,295.975
82.51,281.484,289.434,287.622,284.345,278.987,276.227,269.359,266.683,266.272,267.869,269.481,268.752,267.612,265.136,262.175,261.324,262.176,262.009,263.157,262.343,262.177,263.157,263.316,263.316,263.786,266.132,268.252,270.869,276.412,280.205,287.722,291.545,281.86,283.41,285.875,289.001,289.457,289.548,287.517,287.778,290.629,289.499,289.704,288.845,292.999,291.003,288.998,288.271,289.756,290.104,289.357,290.957,295.745,294.831,289.346,287.725,283.307,287.569,284.799,281.088,278.023,275.148,271.961,268.373,266.27,262.343,262.343,262.508,262.344,262.835,263.786,263.63,260.973,261.497,259.696,258.135,259.696,260.435,260.796,261.324,260.435,261.669,261.324,261.669,262.177,261.497,262.176,263.157,263.94,262.835,263.63,262.342,260.436,261.669,262.343,262.009,261.84,262.343,262.177,261.669,269.452,281.721,285.935,286.569,282.884,280.047,268.995,264.99,264.094,265.57,266.817,270.757,272.069,271.204,272.803,280.341,292.018,299.605,304.232,302.28,294.731,292.727,298.849,301.531,300.45,301.831,302.274,303.466,305.175,304.63,304.039,301.622,298.857,291.572,294.995,298.235,295.927,288.838,282.951,286.031,293.52,295.079,296.159,298.75,297.562,294.352,291.478,289.861,297.911,293.049,291.437,291.753,286.682,286.963,285.283,285.341,289.15,289.039,285.751,292.168,293.046,294.759,293.263,292.164,289.447,281.292,276.844,280.501,278.43,284.293,294.896,302.707,305.276,305.515,301.062,303.462,300.039,300.323,301.349,302.965,301.1,297.055,293.813
82.59,297.728,294.394,293.68,287.558,279.138,273.707,268.503,267.351,265.569,266.133,268.875,267.999,267.742,267.219,264.093,262.509,262.176,262.009,263.316,262.835,263.316,264.246,263.63,262.835,262.673,264.245,267.351,270.415,275.698,279.062,284.913,288.242,280.203,283.925,285.344,286.621,289.356,290.489,291.619,286.39,284.798,287.24,293.2,287.285,291.985,291.663,291.245,291.193,289.604,289.755,291.29,292.121,292.604,295.356,294.542,288.155,288.057,286.333,284.798,282.886,282.411,278.905,275.969,274.297,270.755,264.395,262.996,263.157,262.508,263.157,262.835,261.497,261.669,261.839,261.323,260.253,258.135,258.135,260.436,261.324,262.009,262.997,261.497,260.973,261.84,262.176,263.63,263.786,264.246,264.246,262.672,260.435,258.931,258.734,261.149,262.343,262.009,261.497,261.497,262.509,268.603,279.602,283.279,283.073,283.212,284.268,268.248,265.854,264.093,265.138,266.271,268.752,268.504,269.36,270.53,279.198,291.781,300.162,302.5,296.243,284.14,295.447,301.592,300.828,300.355,302.558,303.879,303.13,304.891,303.959,301.847,296.963,290.502,287.942,292.07,295.35,293.378,287.668,282.481,286.843,291.982,294.31,296.422,297.629,294.081,288.636,291.661,295.932,296.942,293.174,289.507,289.341,281.373,283.017,285.461,288.736,290.684,290.968,289.103,291.061,293.897,294.476,293.256,290.101,288.272,271.423,272.906,277.69,281.226,284.005,295.463,301.009,304.284,304.967,304.471,304.094,302.934,303.19,303.825,303.518,300.155,296.087,294.023
82.65,299.213,294.677,292.248,286.47,273.002,267.736,263.786,265.852,266.818,265.854,267.086,268.126,268.253,265.994,264.844,263.63,264.093,263.63,263.315,264.093,264.696,264.547,264.094,263.63,262.996,264.696,265.713,269.48,274.488,277.188,282.139,284.233,282.817,286.564,286.567,285.524,285.874,288.793,290.149,288.585,283.725,284.738,289.851,287.62,291.297,292.244,294.352,292.165,290.096,285.283,287.231,292.875,291.757,293.975,294.79,290.246,286.109,284.551,285.164,284.799,284.484,280.651,277.105,275.698,270.528,264.695,262.672,262.344,262.343,262.508,261.323,260.253,260.254,259.507,260.435,260.07,259.697,258.536,259.124,260.07,259.884,259.316,260.973,261.669,261.84,262.508,264.397,264.696,265.426,263.315,260.972,260.069,259.884,259.316,262.176,262.343,260.796,261.323,262.009,263.316,268.974,279.677,282.478,281.796,285.581,283.447,267.608,265.282,264.696,265.283,264.546,266.133,265.568,265.712,270.638,281.777,292.277,300.135,300.01,288.975,285.337,298.947,302.361,300.703,299.871,303.329,303.323,301.397,304.497,303.012,297.864,291.057,288.373,289.803,293.519,294.352,291.576,290.86,285.639,289.555,291.896,291.483,293.215,295.627,294.021,295.46,292.024,295.356,294.639,292.998,288.11,288.793,285.696,284.304,286.278,288.944,286.274,289.709,289.855,293.644,296.542,295.22,288.688,290.19,281.699,270.297,273.709,280.056,285.759,289.048,292.604,298.598,303.523,302.362,303.383,304.915,303.219,303.078,303.302,304.096,301.919,297.914,295.668
82.73,292.011,282.064,281.368,274.951,268.499,264.246,262.835,265.992,268.253,265.569,265.993,269.24,269.48,267.217,266.272,265.854,264.397,264.547,264.246,265.138,266.133,265.854,265.57,265.427,264.093,265.138,264.991,267.612,272.699,276.673,281.303,282.55,283.144,287.627,288.532,286.681,287.407,288.479,289.407,290.684,288.52,286.339,287.565,289.707,289.458,289.095,287.571,286.338,284.67,287.512,288.322,290.725,294.394,294.715,293.048,291.614,288.829,284.554,282.551,281.374,281.017,280.211,279.529,274.295,267.995,263.63,262.176,262.009,262.344,262.509,260.616,260.069,260.796,260.436,259.697,260.436,259.124,259.123,259.124,260.616,260.616,260.253,260.795,261.839,261.84,261.324,263.156,264.696,264.991,262.996,262.176,260.617,259.884,260.616,261.324,261.839,261.669,263.157,262.509,264.093,270.16,278.904,282.208,285.874,283.911,278.337,266.814,264.547,264.246,263.786,264.093,264.844,264.246,264.844,272.167,284.525,294.751,299.747,297.612,283.652,291.822,299.45,301.469,299.287,299.78,300.421,300.953,300.763,303.355,303.306,294.662,287.727,290.588,290.003,291.794,291.055,290.39,292.192,285.991,287.127,286.039,292.114,293.899,294.428,297.128,298.678,295.355,292.831,289.799,284.79,283.586,289.751,283.854,283.465,289.757,288.878,281.563,288.004,290.099,294.715,297.6,294.744,289.658,287.731,282.123,272.694,275.237,282.141,285.162,290.345,290.535,295.259,300.765,299.674,297.377,300.239,300.972,301.622,301.8,302.849,300.217,297.196,293.383
82.8,285.588,271.626,273.104,269.115,264.395,261.669,263.156,264.093,265.852,264.397,264.546,266.546,268.126,268.126,266.41,265.282,264.547,264.991,265.57,265.57,264.991,264.844,265.138,264.696,263.786,264.093,265.712,268.125,272.595,275.333,280.136,283.474,287.014,287.679,289.102,288.271,287.573,287.409,289.205,290.202,292.961,292.416,289.14,289.954,289.857,291.157,288.373,285.402,284.048,287.518,288.893,292.697,294.999,296.654,296.04,291.76,290.242,284.552,283.148,278.985,277.443,277.777,277.02,274.584,268.873,262.672,261.149,261.497,262.508,261.669,259.883,257.307,258.93,260.07,259.883,259.316,260.069,259.884,262.008,262.009,260.616,261.149,260.973,261.324,261.149,261.149,262.009,263.786,263.941,263.474,262.176,260.069,259.508,259.694,260.616,262.009,261.669,262.176,262.177,264.093,270.626,277.61,281.442,286.282,286.043,279.822,266.813,262.835,262.341,262.343,263.315,264.696,263.316,266.27,275.135,286.02,295.433,297.016,292.266,285.919,294.015,299.386,299.901,297.274,299.716,299.813,299.683,301.167,303.048,302.678,293.64,287.68,288.585,287.132,287.241,286.956,291.344,289.405,286.456,285.759,283.797,287.943,294.131,299.618,299.186,296.979,292.648,287.626,286.4,286.797,288.057,289.354,285.994,284.733,284.799,284.171,282.073,285.28,286.957,292.609,294.834,290.347,289.606,286.683,283.143,275.787,275.148,283.206,288.05,284.48,290.82,296.612,300.008,299.618,299.781,299.91,299.519,299.221,300.422,300.727,295.156,292.517,289.246
82.87,271.519,264.397,265.426,264.844,262.672,260.973,261.324,262.009,260.435,259.696,260.254,263.157,265.138,266.683,266.953,265.138,264.093,264.397,264.246,262.672,262.835,262.176,262.508,262.672,262.673,263.786,264.397,267.998,273.412,277.685,284.534,289.655,288.375,287.843,288.481,289.608,289.307,289.205,288.688,289.701,291.985,293.604,291.344,290.153,290.299,290.777,288.689,285.99,284.673,283.21,287.78,287.406,291.104,295.815,297.566,296.795,290.039,283.539,283.914,277.694,277.02,276.762,275.334,271.312,267.48,262.834,260.068,262.176,261.84,260.069,260.253,260.069,261.669,261.324,260.436,260.253,259.696,260.973,260.068,261.149,259.883,259.697,261.497,261.148,262.009,261.496,261.148,261.497,261.84,260.972,262.009,262.997,261.323,260.068,261.496,262.176,262.508,262.997,262.009,263.473,270.847,280.507,281.514,287.889,289.492,279.127,267.48,264.246,260.796,261.669,262.672,262.508,262.009,267.214,278.337,287.295,290.336,290.034,284.676,288.838,294.714,298.439,296.689,296.162,299.486,300.485,300.324,298.675,301.045,299.236,293.349,291.707,289.501,284.675,285.339,290.194,292.52,289.804,289.146,286.161,284.736,291.747,298.439,300.448,296.896,292.515,288.477,288.586,290.295,291.233,285.282,287.455,288.293,282.476,280.718,281.083,281.646,280.36,287.346,293.002,293.974,287.858,279.343,281.364,278.647,273.709,274.006,282.203,286.904,286.34,289.952,294.794,298.024,296.909,298.75,298.85,299.518,299.054,299.287,299.144,293.087,287.496,282.193
82.95,263.785,262.997,262.672,263.315,261.323,259.316,260.436,261.149,261.84,261.149,261.497,261.324,262.343,263.94,264.547,263.631,263.941,263.94,262.672,262.835,263.474,261.669,261.149,261.669,262.997,263.316,264.093,269.83,275.241,279.524,285.578,285.404,286.223,287.517,287.073,288.741,290.051,290.92,289.508,288.111,292.999,294.313,290.537,289.306,291.157,287.732,285.87,285.93,286.214,284.237,285.103,287.897,290.587,293.301,295.151,293.074,290.434,283.541,281.586,279.53,277.604,274.868,273.711,267.479,264.546,261.324,259.884,262.343,262.509,261.839,260.973,259.125,260.795,261.149,260.973,259.507,259.697,260.253,259.696,259.508,259.883,260.253,260.07,259.508,260.253,259.884,259.507,262.009,261.497,260.253,261.669,260.795,261.323,261.497,262.177,260.972,262.343,261.669,261.84,263.94,272.033,282.612,283.537,287.891,288.549,272.901,265.282,263.94,261.497,262.672,262.508,261.149,262.009,267.865,279.973,287.077,286.398,284.545,284.037,290.583,293.687,294.251,293.087,295.036,297.984,298.851,298.88,297.164,299.551,297.015,293.22,293.473,289.299,284.613,288.106,292.435,291.707,287.998,290.221,283.523,288.48,288.414,295.271,296.267,289.657,286.456,287.562,291.844,289.099,291.805,291.754,292.828,286.931,274.096,273.808,276.058,277.444,281.841,292.155,296.278,291.99,275.136,268.996,270.527,268.995,268.502,271.091,279.286,287.785,288.268,291.391,293.932,297.847,296.65,299.083,296.801,298.546,298.614,298.499,292.381,286.11,282.483,283.858
83.1,263.315,261.84,262.177,262.509,260.069,259.508,261.497,261.149,261.497,260.973,260.973,261.84,261.669,262.344,264.396,264.397,262.835,263.786,263.63,263.63,264.547,262.672,261.497,262.835,262.177,263.316,263.315,268.748,272.803,277.689,285.276,286.853,285.46,285.878,286.965,289.153,292.654,293.647,291.709,292.073,292.962,293.393,288.318,287.514,288.585,288.742,286.09,291.833,290.343,288.636,290.778,289.036,289.248,290.295,292.918,287.884,285.096,286.168,284.114,281.373,278.183,274.297,271.422,265.135,262.835,261.84,261.838,264.093,264.246,262.508,260.973,260.973,260.973,259.317,259.883,259.883,261.497,261.149,261.148,262.509,260.973,260.069,261.148,260.435,259.507,259.508,260.795,261.149,260.253,260.616,259.883,259.317,260.068,262.176,263.316,263.156,262.177,263.157,262.672,262.997,269.579,280.573,286.512,288.897,286.435,273.898,264.092,261.839,260.973,261.497,261.324,261.497,262.009,268.37,278.902,284.428,284.429,285.283,287.568,290.443,289.401,289.503,293.601,296.69,295.745,295.739,296.28,295.783,296.011,293.771,294.394,294.875,290.716,284.238,289.184,294.295,288.366,291.508,286.965,288.527,290.441,291.201,292.478,290.24,287.184,287.514,291.62,290.96,291.969,295.095,296.502,292.677,281.299,276.4,273.413,278.825,283.008,287.683,297.06,296.106,285.073,270.981,270.415,270.3,267.218,268.728,277.041,280.502,282.547,287.679,290.345,291.056,295.316,296.722,299.614,297.529,298.06,296.727,294.171,287.062,284.918,284.491,285.163
83.19,261.84,261.149,261.84,261.149,260.795,260.796,260.253,260.07,260.253,260.795,260.796,261.84,261.669,261.84,263.316,264.397,264.844,264.094,263.631,263.157,261.324,262.343,262.177,262.672,263.63,263.786,262.835,265.425,270.067,274.388,279.293,285.277,287.843,287.017,285.759,288.531,291.434,291.936,291.528,293.134,294.065,293.563,285.682,284.366,286.047,287.734,289.255,291.756,291.295,291.298,287.286,291.887,291.621,287.787,289.449,285.095,281.796,281.44,281.933,285.403,283.535,278.505,272.384,265.991,262.508,261.324,262.672,263.473,262.672,261.669,261.148,258.535,259.317,259.508,259.124,260.253,260.795,260.435,261.497,262.009,259.696,260.068,260.616,260.253,260.069,260.973,260.796,260.616,260.435,260.069,260.253,260.253,261.669,262.835,263.157,263.157,262.009,262.997,262.672,263.157,268.74,279.748,287.573,288.003,283.124,270.296,263.94,262.508,261.149,261.669,261.323,259.317,261.669,267.991,278.019,282.549,284.366,286.456,287.076,286.334,286.679,291.664,295.306,298.475,296.087,293.731,295.395,294.434,292.161,291.482,294.353,295.111,291.79,285.809,291.482,292.475,289.403,292.96,294.139,294.997,294.222,290.293,292.643,285.464,285.281,290.247,292.96,291.749,296.392,298.2,297.811,292.947,285.282,284.571,272.273,281.918,290.537,294.788,299.419,297.299,288.194,275.601,276.32,274.863,272.901,280.542,288.63,282.208,281.089,286.396,288.271,290.196,293.816,295.696,299.211,294.921,294.84,293.559,289.034,283.406,286.567,286.11,286.568
83.27,262.177,260.435,259.883,261.149,261.323,258.733,258.734,259.508,258.135,258.929,258.929,259.697,260.616,260.069,261.84,263.474,264.397,264.547,263.473,263.786,262.176,263.157,262.835,261.84,262.343,263.316,263.474,264.547,266.134,271.2,275.331,281.788,286.961,287.133,286.74,288.533,289.001,287.406,289.15,291.528,292.785,293.979,290.148,286.283,285.344,289.249,289.857,284.975,288.469,294.304,288.672,288.999,289.205,284.549,285.994,284.115,280.359,277.444,278.429,283.343,283.15,277.608,272.283,269.479,264.091,261.324,261.497,262.508,262.835,260.973,261.497,260.07,259.316,258.734,260.616,260.252,261.497,260.795,261.149,260.796,259.697,260.069,260.436,259.508,260.616,261.496,261.839,260.253,259.884,258.337,260.795,262.672,261.324,263.157,263.474,264.397,261.84,262.672,263.474,264.547,270.052,279.977,286.224,286.606,274.003,267.083,262.343,261.497,260.973,259.884,259.124,259.696,261.149,266.124,274.485,276.232,278.503,281.37,284.491,284.614,288.265,293.896,296.69,298.053,294.059,290.539,291.386,290.536,289.356,289.655,291.747,291.242,286.51,286.101,290.778,290.483,294.177,294.448,299.18,295.668,294.593,291.985,290.959,288.057,285.699,288.792,291.156,293.897,295.511,295.11,297.578,287.224,277.671,285.01,284.968,288.612,296.347,299.516,301.29,298.322,289.646,282.209,282.477,286.674,287.173,280.774,280.503,281.301,282.072,284.483,288.637,289.954,291.475,295.572,300.289,296.124,292.523,292.737,290.259,288.057,289.205,288.163,288.056
83.35,263.157,262.344,261.149,260.972,259.124,259.696,260.253,260.069,260.069,258.929,258.93,259.697,259.696,260.616,261.149,262.834,263.316,263.94,262.835,262.835,262.343,262.672,262.996,263.316,263.157,263.786,262.835,264.093,265.994,269.239,272.596,277.183,282.67,285.694,288.37,289.103,288.27,285.161,285.285,286.894,289.903,293.176,292.39,285.689,282.481,288.574,288.742,285.7,282.208,293.612,293.675,290.729,285.459,282.278,287.238,284.611,280.059,276.761,276.672,280.945,281.085,277.444,271.748,267.741,263.629,261.84,262.509,262.835,262.996,260.616,258.929,258.93,259.317,258.337,258.336,259.506,260.435,260.795,260.254,259.883,259.884,260.617,260.616,261.497,260.795,260.435,260.616,260.253,259.123,257.517,259.884,260.616,260.795,262.508,264.093,264.696,262.509,260.616,263.157,263.94,270.049,278.823,283.213,283.915,273.302,265.569,260.972,260.07,261.149,260.07,259.697,258.536,258.93,262.829,270.414,271.423,273.312,279.904,286.107,284.171,290.297,294.474,296.987,296.276,292.564,288.95,289.307,287.517,287.353,287.573,287.408,288.427,288.376,289.659,291.295,294.756,297.637,297.885,298.128,298.57,292.699,290.681,286.85,285.581,283.791,290.244,295.119,294.556,293.43,296.729,296.237,289.618,272.698,276.923,286.338,292.503,299.154,300.921,301.006,295.104,286.508,280.134,281.717,287.298,284.773,276.147,277.19,279.677,283.343,285.345,285.163,286.399,287.232,294.817,300.727,295.819,292.343,295.198,294.453,287.512,290.588,288.586,288.324
83.42,263.157,261.148,259.884,260.069,261.149,260.436,260.973,260.253,258.535,259.124,259.508,258.335,257.095,260.069,262.176,262.835,262.509,264.397,264.547,263.94,262.009,262.835,262.996,262.344,262.996,262.997,263.157,262.835,266.271,269.835,273.711,276.932,281.088,283.346,288.053,288.321,288.949,283.139,282.481,279.06,286.948,292.654,292.123,286.679,282.884,287.783,288.534,290.177,285.325,291.598,293.645,288.364,283.209,283.988,288.841,283.855,279.683,279.529,282.414,284.366,279.606,277.777,275.511,269.592,262.835,262.009,261.84,261.324,260.973,261.149,258.734,258.734,258.93,259.317,260.069,260.07,260.253,261.839,261.84,260.617,259.884,261.149,260.796,260.253,258.93,260.069,259.884,259.696,259.317,259.696,260.435,260.616,261.149,261.669,261.324,262.996,262.509,262.507,262.834,263.94,268.498,277.438,282.004,281.435,271.524,265.137,262.508,261.324,259.507,261.669,258.93,258.734,259.317,260.971,264.695,266.813,275.049,283.076,287.243,285.642,289.753,295.276,296.874,294.26,288.936,284.857,286.456,287.185,289.205,288.794,287.408,289.255,288.742,289.804,288.159,293.554,298.2,298.672,295.262,299.283,293.928,286.679,283.86,285.104,285.87,292.16,296.28,295.473,295.119,294.759,296.014,293.244,282.315,276.819,286.551,294.668,299.65,300.736,299.462,290.146,282.408,274.29,272.485,279.053,273.307,275.052,277.935,276.392,284.573,288.477,283.924,283.014,287.942,294.867,299.811,297.633,294.517,294.797,292.382,289.306,289.358,288.587,288.896
83.5,262.343,261.149,260.616,260.253,259.316,259.697,259.884,258.734,259.317,259.696,259.884,257.93,257.517,258.135,261.323,263.157,263.631,264.397,264.696,263.786,262.997,262.009,262.176,261.149,261.669,262.177,262.508,262.996,265.57,270.069,273.413,277.016,282.88,286.224,288.057,287.12,288.998,285.097,281.935,279.759,285.86,290.194,291.062,288.585,283.343,285.574,286.964,292.248,290.147,290.824,288.192,286.048,284.614,285.993,288.789,284.042,281.866,279.759,280.65,286.729,283.08,281.724,278.586,270.061,261.497,261.839,262.176,262.672,263.316,261.497,260.435,259.697,259.883,260.069,260.435,260.795,260.436,261.497,260.973,259.696,258.734,260.07,259.697,260.07,260.436,259.884,258.931,259.123,259.507,259.884,261.497,261.669,262.176,262.509,262.176,262.835,263.786,264.991,264.696,264.246,269.11,277.526,280.799,279.436,269.353,263.473,260.435,260.436,261.149,261.324,261.149,260.254,257.931,258.93,261.669,265.133,277.264,285.464,285.76,284.3,289.555,294.147,293.803,289.792,284.112,282.951,286.339,289.658,290.201,289.154,288.844,291.668,290.871,288.165,288.686,293.679,298.546,298.086,294.3,297.808,293.167,286.457,285.104,285.697,290.393,293.687,296.091,295.9,296.053,296.014,295.822,295.701,292.568,290.773,287.897,291.042,297.988,298.68,298.246,289.455,283.264,272.697,268.997,267.865,268.998,274.862,277.528,281.225,287.46,288.156,281.865,281.517,284.781,294.014,298.818,298.163,295.316,293.091,290.395,289.306,289.201,291.847,293.721
83.58,261.669,261.324,260.795,259.317,258.735,256.664,257.307,258.734,259.508,260.069,259.317,258.536,257.307,259.508,261.497,264.246,263.63,264.844,264.093,264.094,264.093,263.157,263.316,263.94,263.631,262.509,261.324,262.509,264.991,268.378,270.981,275.236,280.722,288.413,282.91,286.385,286.737,287.297,283.924,283.214,286.165,287.407,288.688,287.408,286.052,285.345,286.457,290.101,293.389,289.024,284.602,283.722,288.787,288.111,285.874,281.654,278.907,276.147,276.498,284.479,287.681,286.342,279.976,269.829,262.177,261.149,261.669,262.835,262.176,261.149,260.069,261.497,259.883,260.795,260.973,260.253,260.07,261.324,260.616,259.696,259.697,259.317,260.253,258.734,260.069,260.068,259.697,259.508,258.536,258.734,259.695,261.149,261.149,263.474,262.835,262.835,262.835,263.786,263.473,263.63,269.106,277.273,279.76,277.348,267.606,262.997,260.617,259.696,259.882,260.795,259.507,260.067,257.725,260.068,263.786,267.474,277.439,281.512,282.347,283.794,288.634,289.948,287.014,284.173,283.406,283.147,289.952,292.524,290.825,288.371,291.987,291.483,290.824,287.734,287.615,294.264,298.408,298.329,292.671,287.823,287.734,287.021,284.983,285.699,290.431,296.204,296.279,296.128,294.353,294.873,295.154,291.759,292.073,294.053,289.041,289.092,291.983,294.597,295.966,288.496,273.512,270.756,266.817,266.133,269.836,274.486,278.269,279.606,282.348,282.951,281.161,281.446,284.356,290.728,293.678,295.972,293.135,292.654,290.054,291.341,293.5,295.192,298.125
83.65,260.435,257.931,258.536,257.931,257.725,256.445,256.881,258.337,257.725,258.334,257.095,258.535,259.316,261.149,263.473,264.547,262.996,263.94,263.941,263.316,262.996,263.316,263.474,260.616,259.883,260.616,261.497,262.508,263.94,265.993,268.874,275.598,283.136,285.676,276.456,283.712,287.786,288.897,285.639,283.016,284.179,284.8,285.819,289.149,286.28,287.787,285.396,290.77,288.338,284.915,281.727,283.143,288.786,287.567,287.518,283.538,276.137,271.202,274.389,283.399,287.462,286.797,280.423,273.002,264.693,262.671,263.474,260.435,260.253,261.84,260.973,260.435,260.069,260.435,260.617,261.497,261.84,261.497,260.795,259.125,259.124,258.337,259.316,258.93,259.506,261.497,259.696,259.317,259.508,259.508,259.317,260.436,260.973,262.672,263.157,262.835,261.839,263.63,264.397,264.696,269.472,276.931,277.776,275.686,265.276,261.669,260.435,259.696,260.068,262.343,260.253,258.93,258.93,261.149,263.315,268.367,275.514,278.187,281.23,282.949,285.464,285.462,283.988,282.211,282.002,283.473,290.537,293.262,290.637,289.254,291.063,290.634,290.629,286.738,290.001,293.307,295.387,297.352,285.753,281.653,285.344,283.604,281.727,285.2,293.39,292.475,292.655,293.898,292.301,290.68,288.684,291.056,294.8,294.476,293.179,292.829,291.339,295.51,298.021,291.89,271.851,266.951,267.217,270.411,273.007,277.605,282.277,281.586,281.725,280.727,281.866,281.446,283.662,289.203,292.956,296.049,293.601,295.157,293.73,296.276,296.166,298.094,298.818
83.72,259.697,257.517,258.337,257.307,255.774,256.445,256,257.307,258.135,256.881,256.001,259.316,260.796,261.497,262.671,263.941,262.835,263.94,264.696,263.94,262.835,262.835,261.149,260.253,260.973,262.343,262.509,261.497,262.834,264.991,267.74,276.133,282.54,278.427,276.586,283.462,288.999,290.776,287.623,283.082,282.818,282.414,285.221,288.211,287.733,286.155,286.964,291.247,284.841,289.79,285.157,283.603,285.285,284.861,286.736,280.644,270.75,267.217,273.901,285.089,286.284,285.105,281.158,278.424,269.714,264.397,262.996,261.324,260.253,261.497,260.253,261.149,259.508,258.337,260.616,260.254,258.93,257.725,259.317,259.508,258.734,257.931,258.134,260.795,260.616,260.972,260.435,258.336,259.508,259.884,260.973,261.323,260.795,262.177,263.473,264.246,262.672,262.835,263.316,264.991,268.868,274.774,274.295,270.183,264.242,260.796,260.616,260.616,260.251,260.796,261.839,260.973,262.672,262.343,261.668,265.136,271.091,274.198,278.507,281.656,283.147,280.945,281.657,281.443,279.531,285.451,294.432,294.677,292.073,290.003,289.6,293.765,292.071,289.454,293.264,293.176,292.743,292.456,282.404,280.654,283.278,280.944,281.161,284.427,287.336,287.345,292.032,291.942,291.29,284.914,283.128,291.921,297.277,296.983,296.122,295.471,295.895,296.05,293.573,283.537,267.219,267.996,274.38,280.718,277.444,279.904,281.92,279.607,281.158,279.531,280.061,279.607,282.681,288.581,296.981,299.55,300.131,300.15,301.093,300.416,298.059,297.097,298.057
83.8,258.134,256.664,257.095,256.88,257.307,255.774,255.545,256.444,257.517,258.336,257.095,258.135,258.336,260.795,262.508,263.63,263.474,263.63,263.94,264.093,263.786,262.343,261.669,261.84,262.835,262.672,260.796,260.616,262.176,263.155,266.545,273.706,279.376,275.88,277.859,282.545,288.054,289.953,288.689,283.667,282.073,281.935,283.346,284.304,287.404,283.534,287.292,292.954,290.436,291.008,285.21,285.044,282.817,281.301,281.579,277.52,268.251,268.75,272.697,287.048,287.298,285.044,282.071,282.004,272.375,264.397,262.997,261.324,260.973,261.149,262.009,260.435,260.436,261.669,261.497,262.176,261.323,260.069,260.796,260.07,259.697,260.616,260.253,261.669,260.616,260.069,260.795,259.883,259.884,258.734,260.795,261.84,262.673,263.631,263.63,263.63,261.324,262.997,263.157,263.63,266.406,270.414,267.996,265.852,262.174,258.735,259.317,259.124,257.307,260.251,260.795,261.839,262.508,261.496,262.835,263.628,268.874,272.176,275.878,279.376,280.359,279.758,279.061,277.441,278.35,285.86,294.76,295.552,294.839,293.047,293.245,297.661,292.339,288.844,291.484,290.779,290.295,291.419,282.141,280.508,281.159,279.144,280.285,282.208,281.654,286.109,289.255,290.493,291.204,289.097,287.883,294.188,296.579,297.422,297.673,296.84,296.801,294.555,289.36,271.424,271.093,275.234,281.445,278.669,277.86,276.058,274.488,278.265,282.141,281.579,276.847,278.982,284.3,291.199,300.366,301.107,302.736,303.469,303.524,302.565,298.086,296.654,293.64
83.87,258.135,257.517,258.931,257.517,258.536,257.723,257.517,258.135,257.517,257.306,257.517,257.931,257.725,262.175,264.093,262.672,262.509,263.785,264.093,263.474,262.508,262.009,262.672,262.177,262.997,262.509,262.508,262.835,262.672,262.834,264.843,272.169,277.777,277.02,280.935,283.793,289.298,288.48,286.225,281.864,280.211,281.304,282.751,282.279,281.935,286.679,291.109,295.626,295.626,295.628,287.43,283.47,281.795,277.187,274.581,273.209,267.086,272.068,277.523,288.616,288.323,287.573,282.069,276.845,267.477,261.497,261.84,261.324,262.177,262.177,262.508,262.176,261.149,262.177,262.344,261.669,261.149,260.253,260.973,258.536,260.253,260.973,260.616,260.616,260.069,261.149,261.839,260.069,258.931,259.124,260.252,261.839,262.343,262.177,262.672,262.995,262.343,262.835,261.669,262.176,264.989,266.41,264.093,261.497,259.507,259.507,260.069,259.697,259.507,260.616,260.436,261.497,261.497,260.617,261.497,261.323,267.48,273.309,276.674,277.528,277.359,275.878,273.907,274.104,279.757,287.117,294.393,295.513,294.228,291.798,295.623,297.875,292.567,292.871,294.637,292.523,292.432,287.551,280.209,281.578,277.019,277.694,278.511,279.143,279.91,282.203,286.504,291.756,293.855,291.894,292.611,292.919,293.393,293.6,294.255,295.434,296.124,294.188,289.964,275.056,274.867,274.104,274.867,275.055,276.147,275.149,275.425,281.498,287.626,282.643,274.963,276.758,281.011,287.887,296.84,299.442,301.859,303.19,303.662,301.71,295.458,291.29,287.646
83.95,257.725,257.517,255.999,255.774,255.999,256.665,258.535,258.336,256.88,257.306,257.93,258.336,258.733,263.156,262.672,260.973,261.324,262.672,262.996,263.157,263.474,263.472,262.834,261.324,262.997,262.672,262.343,262.508,262.509,264.397,266.951,271.638,279.138,280.36,283.731,284.053,290.046,288.477,285.76,282.616,279.299,278.987,282.547,282.279,282.21,286.445,286.612,292.279,294.015,293.263,291.38,284.222,279.522,271.527,268.378,268.752,268.751,272.07,275.513,286.03,288.636,288.377,284.047,276.926,267.347,262.176,261.149,260.435,261.669,262.009,261.84,260.795,261.669,262.176,261.497,260.435,260.069,259.696,260.795,259.508,259.317,259.884,259.125,260.253,259.883,260.069,262.508,260.434,258.931,259.884,260.796,261.669,260.973,261.838,261.669,262.672,262.835,261.669,260.973,261.839,263.94,265.138,263.473,260.795,258.534,259.124,258.734,260.794,260.973,260.973,261.149,259.506,261.323,260.973,260.973,262.996,267.083,272.175,275.877,277.36,274.296,271.422,270.184,273.209,280.13,287.835,292.96,292.331,292.652,290.575,295.937,297.241,296.158,299.183,295.46,290.188,293.885,285.695,279.604,276.322,274.488,275.879,276.148,276.761,277.19,277.86,283.665,290.443,291.708,289.697,294.02,291.391,292.48,293.263,293.478,294.557,295.153,291.424,287.425,273.905,274.867,273.413,273.514,273.11,274.104,277.184,285.542,290.199,284.728,278.185,274.489,275.055,279.604,287.505,293.683,299.18,301.832,302.275,302.936,299.675,291.685,283.911,286.421
84.02,254.359,256.88,255.545,256.664,256.881,257.93,257.725,258.134,259.508,259.697,260.253,260.07,258.734,261.669,260.253,260.254,260.617,262.343,263.157,263.156,262.672,263.94,262.996,261.669,262.672,264.093,263.631,262.343,263.316,266.408,270.755,275.147,276.5,277.859,281.367,282.21,290.812,291.063,284.163,282.279,279.45,276.934,281.926,283.989,282.414,284.915,284.302,283.909,291.467,294.105,295.04,292.281,278.854,269.36,265.137,267.35,271.857,271.964,273.508,281.926,284.179,284.983,281.085,274.765,265.568,262.009,260.617,261.497,262.009,260.069,259.124,261.669,261.669,262.997,261.669,262.009,262.009,260.796,260.617,259.884,258.93,260.435,260.973,260.436,260.436,261.497,261.324,260.973,260.068,260.436,261.149,262.176,261.839,261.149,260.795,262.008,262.177,262.509,260.973,261.497,263.155,264.093,259.883,259.124,259.508,260.616,259.696,259.697,261.149,261.323,260.973,260.971,260.07,258.734,262.175,263.473,267.349,270.53,274.102,275.608,272.905,269.717,268.504,271.531,281.15,288.688,290.826,291.979,289.857,290.087,296.428,298.475,299.55,301.067,296.8,296.193,296.247,284.672,276.929,273.312,272.283,273.211,273.211,273.708,274.773,275.967,281.721,286.158,288.74,289.457,290.777,289.605,291.983,290.772,286.726,289.637,291.029,277.105,275.422,272.789,270.415,271.532,272.493,274.297,276.932,285.389,292.73,293.472,285.859,278.826,275.969,278.266,280.434,291.266,298.601,301.35,301.774,301.684,301.137,296.681,288.193,288.108,293.076
84.09,256.88,256.881,257.725,257.095,256.225,256.664,258.134,257.095,257.307,257.725,258.337,258.534,260.253,261.84,260.07,259.317,260.435,261.149,261.669,261.324,262.009,261.669,262.835,262.835,263.474,263.473,263.63,263.474,262.996,264.695,269.479,274.39,277.943,277.695,278.75,281.443,289.742,291.713,286.497,283.214,278.984,275.79,279.445,280.725,280.211,282.68,282.415,281.656,289.282,292.435,294.554,294.347,282.97,272.802,267.999,267.997,271.749,272.7,275.331,280.283,283.34,283.075,278.178,270.864,263.314,260.973,260.436,260.795,261.324,259.696,259.124,262.009,261.497,262.176,261.497,262.508,260.795,260.253,260.795,261.149,260.973,261.324,260.069,259.883,260.069,261.149,261.839,262.342,261.324,261.497,261.669,262.343,263.157,262.009,262.343,262.343,261.324,261.323,261.149,260.973,260.434,261.149,260.616,259.317,259.883,259.316,258.135,258.534,259.316,259.695,260.435,261.149,259.882,258.734,263.63,264.245,265.426,267.997,272.068,274.201,272.804,269.836,268.504,271.856,281.504,289.456,291.94,290.916,287.514,289.655,293.247,298.021,299.55,300.339,294.83,298.953,297.842,290.607,276.143,272.177,271.424,269.717,267.74,269.239,271.203,273.309,278.348,280.505,284.482,289.558,288.635,285.755,282.412,284.291,277.691,280.279,281.71,281.003,272.792,269.478,271.092,271.858,273.008,274.961,278.106,286.164,294.46,296.729,290.476,283.663,280.358,284.421,287.461,296.595,300.578,302.04,302.737,300.951,301.32,296.789,290.77,294.706,298.489
84.16,257.095,257.517,257.095,255.545,257.307,258.93,257.517,257.307,256.445,255.08,257.93,260.795,260.796,260.253,257.725,260.07,261.497,261.149,261.323,261.669,261.324,261.324,263.316,262.996,262.343,262.673,262.996,262.009,261.669,263.155,265.426,271.523,277.105,277.36,280.057,282.21,284.983,289.198,288.581,283.343,280.061,276.147,276.587,277.943,280.285,282.413,282.684,281.516,286.377,289.401,280.796,278.603,278.643,272.491,268.752,269.598,272.595,274.773,277.941,282.413,283.28,279.297,273.509,268.125,263.157,260.616,259.697,260.616,259.884,261.148,261.669,260.436,260.616,261.149,260.254,259.883,260.795,260.253,261.497,261.149,261.84,261.149,260.436,259.124,260.616,260.435,260.796,260.973,260.253,260.436,261.324,260.616,261.324,262.509,263.474,261.668,262.009,260.795,259.507,258.134,258.134,258.535,259.317,259.315,260.435,258.93,258.734,259.882,260.795,259.882,259.124,260.796,259.697,260.068,262.507,262.507,263.786,265.282,268.502,271.313,271.423,268.998,268.875,272.385,280.574,288.74,290.961,284.668,282.277,285.399,291.89,295.511,297.701,296.786,295.781,297.637,297.418,291.548,277.852,271.749,269.119,267.612,267.086,267.218,268.998,269.952,273.208,275.331,281.723,287.132,287.401,282.14,280.137,278.975,271.636,272.901,275.517,276.237,273.412,272.906,271.533,272.071,273.909,275.878,282.131,290.819,294.636,297.058,291.607,284.547,282.139,286.676,294.972,300.535,302.414,302.878,301.257,298.883,301.434,297.656,295.433,300.156,302.381
84.23,257.095,257.725,258.135,257.725,257.307,257.095,257.307,255.774,256.001,255.999,258.134,259.317,259.317,259.124,258.931,260.795,262.009,261.669,261.497,260.069,261.324,261.497,262.996,262.509,261.497,262.835,263.157,262.672,262.509,262.344,263.473,269.114,275.148,276.147,277.526,282.341,284.428,286.626,285.043,282.208,277.609,275.425,274.868,275.787,278.019,278.427,279.906,281.089,283.73,284.171,279.723,275.772,271.423,268.252,268.126,272.28,275.424,277.104,281.653,282.21,282.211,277.272,270.298,267.218,263.315,262.009,262.009,261.497,261.324,261.497,261.497,262.835,261.669,260.796,260.616,260.973,261.84,259.696,261.149,259.884,259.883,261.149,261.149,260.617,260.617,259.697,260.254,260.253,260.973,261.497,261.149,260.069,262.176,262.343,262.835,262.008,262.009,260.253,258.93,257.725,257.095,258.931,259.507,257.931,259.508,258.93,257.725,259.123,259.507,257.724,259.697,260.795,260.254,259.697,261.497,259.124,261.669,263.94,267.74,269.361,268.252,268.998,268.874,273.412,280.5,288.323,288.623,281.516,281.017,285.264,293.816,294.759,293.896,293.688,296.014,296.876,296.352,290.807,278.741,270.98,268.125,266.272,265.427,265.426,267.742,269.361,269.119,272.904,281.152,286.338,282.07,280.36,279.138,273.096,267.48,274.194,276.411,275.88,273.611,270.644,268.628,270.98,273.413,275.145,285.031,293.807,297.275,298.374,293.764,284.541,279.909,288.249,297.691,301.013,302.935,303.05,297.184,295.668,297.88,297.7,297.565,302.352,303.908
84.3,256.88,257.095,256.881,258.135,256.881,255.314,255.08,256.881,256.664,257.517,257.725,258.337,259.317,258.93,259.884,260.973,262.508,262.009,261.497,260.616,261.497,261.497,261.149,262.176,262.997,261.84,261.324,261.84,262.343,261.84,262.835,265.992,271.641,274.391,278.745,282.411,283.018,283.733,284.044,282.48,275.512,273.512,273.81,274.006,274.297,274.489,275.878,282.543,284.668,281.444,281.299,282.141,275.142,267.868,267.611,272.491,276.761,277.942,281.651,279.607,276.932,275.148,269.596,265.853,263.786,263.157,260.973,260.796,261.324,261.497,261.149,261.324,262.344,261.324,260.795,260.973,261.324,261.669,261.324,261.149,261.324,261.497,260.796,259.507,259.124,259.317,258.93,259.316,260.973,263.629,263.474,262.672,262.672,261.324,260.616,259.696,260.795,261.323,260.436,261.324,258.134,258.536,259.507,258.337,258.734,258.93,257.725,258.734,260.07,257.724,258.733,259.697,260.07,260.972,260.616,258.337,261.497,262.507,265.424,266.951,265.426,266.133,267.611,273.108,280.355,286.168,284.364,281.727,281.657,285.382,293.262,290.588,289.986,294.391,293.219,294.557,295.707,293.615,279.437,269.598,267.87,267.219,267.351,265.994,267.219,267.742,270.186,274.956,281.515,283.532,281.013,279.899,272.794,266.818,268.627,278.893,278.264,273.612,270.644,268.752,268.379,271.856,275.424,277.526,288.826,297.73,299.715,298.58,294.593,285.555,282.21,288.521,295.42,298.578,300.231,301.619,299.044,298.095,301.1,300.697,300.526,303.322,304.178
84.37,257.307,256.88,257.095,257.517,257.307,257.517,256.446,256.445,257.517,257.517,258.536,258.93,259.315,259.884,260.436,261.323,262.509,262.508,263.474,262.672,263.315,262.509,261.669,262.672,262.343,263.157,262.673,262.176,262.009,262.177,261.497,266.402,273.611,275.425,281.507,283.15,281.232,281.159,279.681,281.227,275.603,272.283,273.211,273.313,271.857,271.749,274.198,280.577,284.411,282.21,279.987,279.909,276.76,270.068,267.741,271.313,273.61,277.609,280.286,279.064,274.392,273.11,268.501,265.426,263.94,262.835,260.616,261.669,261.149,260.973,261.324,261.149,261.669,260.973,259.317,258.536,259.507,260.795,259.508,260.973,261.324,261.497,261.149,259.507,258.734,258.93,258.93,259.125,262.176,263.156,261.839,261.839,261.323,260.07,260.069,259.883,261.324,262.508,260.615,260.434,259.317,258.337,258.135,258.93,259.124,258.734,259.125,258.536,259.884,257.93,260.067,261.149,261.497,262.509,261.669,258.93,260.435,261.667,265.853,264.397,264.093,266.818,269.116,274.96,282.68,286.849,282.278,282.547,281.089,285.807,293.261,290.249,288.572,294.021,292.031,293.688,293.562,292.187,280.488,269.116,267.086,267.612,268.502,267.87,270.528,268.875,272.383,281.836,285.345,280.282,274.197,272.174,268.502,266.41,268.378,270.641,273.108,270.3,268.504,267.871,269.119,274.96,279.529,283.467,292.328,298.879,299.552,298.92,293.033,286.16,281.01,286.274,295.063,297.206,298.27,300.92,300.547,301.168,300.611,299.519,302.007,303.744,303.989
84.44,257.517,258.337,257.93,257.307,257.725,257.095,257.307,256.445,257.307,256.224,258.134,259.508,260.069,261.669,260.973,261.497,262.008,262.671,262.508,261.324,260.253,261.668,262.009,263.157,262.835,262.672,261.497,260.973,262.343,262.009,261.149,265.565,274.583,276.414,277.104,280.499,280.283,278.904,276.236,275.789,274.102,272.177,271.204,270.416,269.36,269.599,269.833,275.052,280.943,286.439,282.611,276.759,272.281,268.628,269.24,270.301,268.996,277.093,285.805,280.647,274.201,272.803,267.609,264.397,262.509,262.343,263.157,262.343,261.149,262.009,261.839,260.795,262.009,261.148,260.616,260.07,260.07,260.069,260.254,259.317,260.617,262.343,261.497,261.149,260.253,260.795,259.317,259.125,260.436,262.509,261.497,259.697,261.84,261.669,263.94,264.844,262.176,260.253,259.317,258.536,258.134,258.536,259.508,259.125,258.734,258.135,259.317,259.508,258.929,258.535,260.973,260.435,259.696,260.795,261.324,261.497,262.507,263.785,266.133,263.785,264.695,270.182,274.578,278.348,283.275,287.397,282.414,282.947,282.073,286.101,289.794,287.236,290.492,293.09,291.667,290.732,288.792,284.605,276.23,270.415,271.311,272.069,271.421,275.401,275.605,272.492,273.312,277.684,279.059,276.143,270.184,266.952,265.711,264.547,265.993,270.185,270.981,269.24,268.379,267.87,270.867,279.053,281.375,288.097,296.377,301.134,300.705,299.321,295.733,287.601,286.274,293.993,299.868,299.616,299.877,299.087,300.829,302.01,301.443,302.476,303.162,303.826,303.935
84.51,257.93,257.931,257.517,257.095,256.445,257.095,257.517,257.517,257.307,257.93,260.068,260.436,259.696,260.796,259.697,260.796,260.616,260.253,261.149,260.973,260.796,262.672,262.835,262.509,260.616,261.839,262.509,261.84,262.997,262.176,262.672,265.569,272.698,275.879,276.588,278.667,278.431,275.148,273.211,272.069,270.98,271.533,270.869,269.241,268.628,266.41,266.133,271.635,283.387,289.095,284.23,277.013,269.953,268.628,268.628,267.482,268.751,275.964,281.576,278.589,275.969,273.809,267.212,263.63,262.009,262.177,262.835,260.973,261.669,261.149,259.882,261.497,261.669,260.253,259.317,259.508,259.697,259.696,259.883,260.796,261.84,262.009,261.497,260.795,260.616,261.497,261.669,260.615,261.84,261.839,259.883,261.323,263.474,262.176,263.316,264.245,261.669,259.507,260.436,260.069,259.317,258.93,258.734,258.536,259.506,257.725,257.931,258.337,258.135,258.733,260.973,258.734,259.124,260.616,262.343,262.673,264.246,265.283,265.282,264.093,264.991,271.742,278.903,282.073,282.884,284.799,283.215,281.585,281.935,285.931,288.944,285.459,288.791,288.058,289.608,288.48,288.743,286.552,276.755,274.583,273.908,274.68,275.241,278.664,277.442,273.61,271.424,271.748,272.803,272.388,268.628,266.133,263.63,265.712,267.742,269.717,270.07,269.719,269.119,270.642,274.864,281.583,283.346,293.026,297.058,301.073,301.443,299.42,296.949,290.956,292.254,296.906,297.24,297.56,297.022,297.92,301.377,300.197,301.71,303.579,304.097,303.935,303.772
84.58,257.095,257.517,256.664,257.517,255.774,254.115,256.001,257.93,258.337,260.435,260.435,262.673,260.253,259.317,258.734,260.795,261.669,260.435,261.149,262.509,262.672,261.84,260.796,262.343,261.149,261.669,262.672,262.997,261.669,262.343,262.672,267.08,273.211,276.058,277.105,280.649,279.142,276.235,273.61,269.716,267.871,269.836,269.598,267.742,268.126,267.613,264.844,268.993,282.663,291.045,285.019,277.182,269.24,267.613,266.818,265.57,270.529,275.788,278.025,277.86,277.189,274.004,266.679,263.316,262.673,262.997,262.835,262.996,261.84,260.973,259.695,260.795,261.839,260.068,257.725,259.882,260.069,260.253,260.796,260.436,259.696,262.176,261.149,262.672,262.509,261.324,261.149,262.176,261.839,261.496,260.435,260.434,262.342,261.324,261.669,263.316,262.508,260.253,259.696,260.616,258.93,258.929,259.508,259.884,260.795,260.253,259.882,259.507,259.506,258.335,259.314,260.796,259.508,262.009,262.997,263.785,263.157,264.547,264.246,264.246,266.815,274.487,279.833,281.232,282.346,282.073,282.684,279.607,282.21,285.878,285.342,286.398,287.188,287.679,289.605,287.724,289.915,281.893,276.403,276.237,272.699,273.007,275.788,277.36,274.773,271.857,270.07,270.185,270.302,271.204,269.119,265.57,263.94,267.086,267.999,268.504,269.6,268.628,269.479,275.59,282.186,287.872,289.139,295.455,299.548,302.448,302.187,300.135,295.655,293.772,296.721,297.422,294.797,294.96,296.654,298.234,297.492,297.457,299.384,302.182,303.162,303.635,303.69
84.65,259.317,258.337,257.517,257.307,256.445,257.725,257.517,257.517,256.88,256.665,259.317,262.996,261.149,261.839,261.149,260.069,259.697,260.435,259.883,260.795,262.009,262.673,262.344,261.497,261.324,261.84,262.343,262.009,261.497,262.343,262.672,267.609,274.103,276.058,276.325,277.359,277.943,277.444,274.677,269.356,266.272,268.253,268.252,266.952,266.683,267.35,264.844,267.345,281.769,291.785,290.382,276.88,267.612,267.086,266.272,265.57,267.216,271.745,276.496,282.399,280.87,272.694,265.425,262.672,261.84,262.508,263.786,263.631,262.344,260.973,262.508,262.009,261.149,260.069,257.931,259.884,260.795,260.795,260.796,261.669,262.009,262.509,262.177,259.317,259.696,262.342,262.672,261.669,261.669,261.839,260.616,259.506,259.883,260.436,260.616,263.94,262.834,261.839,260.253,260.434,259.317,258.134,258.336,259.124,258.733,259.317,259.697,259.317,260.069,257.93,258.731,260.435,261.84,262.509,263.316,264.547,263.474,263.315,264.246,266.133,269.118,274.007,275.879,278.824,282.948,281.657,281.16,279.911,282.069,285.224,283.733,286.342,287.242,288.27,289.656,292.255,282.173,274.102,271.857,273.711,272.491,273.608,278.423,281.927,275.778,273.71,274.676,273.709,272.699,271.641,268.752,267.218,264.696,266.272,267.219,267.998,270.416,270.756,270.867,287.474,292.116,295.036,296.689,299.384,300.58,302.362,301.803,300.039,294.501,295.355,298.748,298.409,294.876,295.473,296.355,297.814,297.205,295.861,299.576,302.735,303.579,303.469,302.965
84.72,257.517,257.93,257.517,256.881,257.095,257.931,257.095,256.664,257.725,257.095,258.134,262.176,260.796,261.149,259.696,259.697,257.931,257.725,258.135,257.095,260.435,263.157,262.176,262.343,261.84,260.436,261.669,262.672,262.996,264.093,263.786,268.991,276.058,277.19,277.275,277.02,276.934,278.1,272.799,267.35,265.426,265.994,266.682,265.712,266.132,265.994,263.316,266.542,280.767,287.012,293.081,277.503,265.994,265.712,266.272,264.696,262.835,268.499,275.694,284.478,278.821,270.183,264.546,263.157,261.669,261.497,260.973,262.176,262.344,262.008,262.835,261.497,261.497,259.883,258.536,259.696,259.507,262.176,262.997,262.343,262.176,261.497,260.069,259.883,260.068,261.84,262.009,261.669,260.973,260.972,259.884,259.697,261.669,261.497,262.009,263.786,262.177,261.324,259.884,258.337,258.93,258.93,257.725,258.536,258.535,259.317,259.124,259.884,260.796,260.436,260.251,259.883,261.497,262.672,263.63,264.991,264.397,264.094,265.569,267.218,269.359,271.314,274.39,279.062,282.946,282.483,280.872,279.377,280.87,283.796,282.21,283.794,284.672,285.701,292.858,292.435,281.201,274.297,272.803,275.24,280.338,281.083,286.497,289.049,275.545,275.512,283.003,281.081,279.136,276.755,275.042,270.067,265.425,267.217,269.479,271.531,275.594,280.523,289.613,299.048,300.857,300.731,300.852,301.621,302.821,302.964,301.503,299.219,295.31,295.973,297.848,297.242,297.705,297.386,295.434,296.505,292.948,296.007,298.984,302.066,303.218,303.552,303.302
84.79,258.734,257.725,258.93,258.929,258.336,258.335,258.734,258.135,257.517,258.134,259.317,258.929,259.125,258.929,258.336,258.336,258.734,256.88,258.535,258.734,259.883,262.342,262.997,262.835,262.009,262.997,262.997,261.323,261.497,263.786,264.844,269.355,275.334,276.058,276.934,275.699,274.103,273.809,269.477,265.712,265.853,265.57,265.712,265.712,267.612,266.546,263.316,265.85,280.042,292.86,291.974,277.034,266.683,265.854,265.57,265.712,266.41,271.42,277.439,283.205,276.576,267.739,263.155,262.177,261.324,261.669,262.177,262.009,261.497,261.839,263.157,261.84,261.669,260.616,259.508,257.931,260.069,261.324,260.796,261.324,261.497,261.497,260.796,261.497,261.324,260.795,262.176,262.344,261.323,262.008,260.795,260.069,261.84,260.436,260.435,263.155,263.157,262.508,260.795,259.884,259.316,258.536,259.508,259.508,259.883,259.508,259.883,259.317,259.882,259.507,260.067,259.884,261.149,262.835,264.093,266.134,265.283,266.41,266.547,266.547,267.219,270.528,276.234,281.514,281.656,283.278,281.656,278.591,280.944,283.084,282.55,282.209,282.481,285.038,292.456,291.96,282.203,278.347,284.353,277.084,283.901,284.551,287.073,285.582,276.659,277.853,281.792,285.043,288.838,286.733,281.721,275.964,273.995,277.009,277.433,278.587,287.717,296.63,301.316,303.245,302.851,303.989,303.634,303.552,302.965,302.68,301.23,299.087,297.349,297.815,297.422,298.407,297.743,296.204,295.239,293.391,293.603,295.822,298.233,300.982,302.879,303.525,302.936
84.86,259.697,258.734,258.536,259.317,259.884,258.337,259.317,259.507,259.507,258.735,259.883,258.929,259.317,259.507,258.734,257.725,257.931,259.317,258.93,259.884,260.796,261.323,262.343,261.669,262.177,262.835,263.474,262.672,262.177,264.246,265.427,269.949,275.88,276.588,279.139,275.605,273.81,273.412,268.748,264.696,264.844,265.282,266.272,266.952,267.219,266.133,263.786,265.136,275.32,290.424,282.826,269.459,265.138,267.086,265.57,266.818,268.628,275.051,281.437,281.304,274.195,266.408,261.669,261.84,262.009,262.508,262.009,262.009,262.344,262.343,261.497,260.436,261.324,259.884,259.125,258.135,259.124,259.124,260.616,262.177,262.672,261.497,261.149,259.507,259.317,260.796,261.497,262.177,261.149,261.324,261.669,260.795,260.973,260.617,259.508,259.317,260.616,261.149,261.497,262.176,260.07,257.307,257.517,258.337,258.336,259.124,258.735,258.734,260.435,260.253,261.149,260.254,260.616,262.177,263.786,264.844,264.991,266.41,266.547,266.41,266.818,270.755,277.017,282.14,281.09,282.476,277.273,275.789,280.87,283.986,283.411,282.617,281.514,285.814,291.98,294.702,286.336,281.231,286.935,281.054,280.21,286.73,291.431,290.369,288.532,288.095,284.858,284.3,290.242,292.829,291.524,284.784,286.156,291.281,286.146,287.227,297.172,300.764,303.493,303.962,303.799,303.962,303.69,303.078,302.037,302.069,299.777,297.919,297.386,297.849,298.915,298.953,296.503,295.668,295.746,291.424,294.669,296.945,299.934,300.58,302.155,303.386,302.419
84.93,259.506,258.536,260.069,260.069,258.93,259.124,258.93,260.795,261.324,261.497,260.972,258.93,257.725,257.725,257.517,258.536,258.536,258.734,259.697,260.069,259.124,259.317,259.697,260.069,261.84,262.509,263.156,263.316,262.344,262.176,265.425,268.375,275.054,276.325,276.147,274.774,274.201,273.109,268.625,265.57,265.426,265.138,265.854,265.712,266.41,265.426,264.696,266.133,274.195,281.209,273.394,266.407,264.991,265.853,266.272,268.502,270.975,282.168,282.071,279.452,272.277,265.425,262.009,261.84,260.973,261.497,262.009,262.835,263.94,263.474,262.009,260.973,260.972,261.669,261.324,260.435,260.253,259.882,259.507,259.317,262.176,261.148,261.149,261.669,260.435,260.795,260.973,261.839,261.669,262.343,262.008,260.795,260.068,259.882,259.507,259.124,259.124,260.069,261.323,261.324,258.536,259.124,257.725,258.135,259.695,260.436,260.068,260.796,260.433,260.617,260.973,260.435,260.616,263.474,264.397,264.844,265.138,266.272,266.953,266.952,268.377,275.316,282.06,282.814,280.873,280.714,275.241,275.517,281.158,285.284,282.482,280.652,278.67,283.896,294.023,294.463,287.407,286.103,291.52,292.596,278.35,284.784,291.871,293.731,295.198,291.103,288.422,293.032,294.797,296.764,295.668,289.291,290.775,293.262,287.33,295.753,301.347,302.964,304.043,304.124,304.418,304.392,303.357,302.01,301.832,301.683,299.051,299.22,298.818,298.477,298.13,297.708,294.225,292.919,292.568,291.344,296.196,299.746,301.014,301.624,302.187,303.274,302.536
85,264.99,262.008,259.317,259.507,260.253,259.884,258.337,259.123,259.884,260.795,260.253,260.435,259.317,257.725,256.881,258.93,259.125,258.536,258.536,260.253,260.436,260.616,259.697,260.796,262.343,263.473,262.672,262.835,264.397,264.844,266.818,269.116,274.677,275.879,274.007,271.423,272.7,272.176,268.378,265.426,267.219,266.683,266.547,265.994,266.41,266.547,266.272,269.599,274.297,274.005,268.365,262.175,263.786,264.547,267.995,273.605,277.018,285.335,283.082,283.605,272.787,262.996,262.177,262.344,261.324,262.009,261.324,260.617,263.157,263.316,261.669,262.343,260.252,260.973,261.324,260.436,260.973,262.835,260.973,260.795,261.497,260.973,260.069,260.253,260.795,262.343,261.84,262.177,261.324,260.436,260.973,260.616,260.252,259.506,257.931,258.93,260.616,262.672,261.324,260.973,258.535,259.124,260.616,259.697,259.695,259.124,259.317,259.124,258.732,260.07,259.507,259.697,262.672,264.093,264.093,265.57,265.57,267.613,267.742,268.996,276.833,285.396,286.682,283.213,280.994,276.147,276.148,277.86,280.8,283.15,281.721,276.583,276.324,283.222,295.59,293.99,283.075,288.277,298.193,296.699,281.294,286.487,291.573,293.469,290.335,290.775,295.438,297.24,295.156,294.833,296.316,295.805,296.304,297.307,292.025,298.035,301.591,303.659,304.865,304.285,304.365,304.124,302.184,301.563,301.863,300.577,296.157,295.822,298.199,296.838,295.861,295.744,292.072,289.244,286.843,293.718,297.24,299.908,301.289,300.357,301.23,303.105,303.302
85.07,269.24,266.407,263.313,261.839,261.149,260.973,260.435,260.616,261.669,260.973,260.252,260.069,259.317,257.725,256.665,258.337,258.135,259.124,260.435,260.435,259.507,258.536,258.336,260.253,261.323,261.669,263.157,262.009,263.786,263.631,265.712,269.715,275.056,274.772,270.978,268.751,273.612,272.173,267.997,265.57,266.41,265.994,266.133,265.712,267.742,266.41,265.992,269.954,272.176,269.48,265.852,261.839,261.669,266.539,274.284,280.868,286.897,288.164,282.613,279.602,270.858,262.997,261.323,261.497,260.795,260.436,262.009,262.177,260.973,259.883,260.796,261.84,262.176,262.343,260.796,260.07,259.317,260.069,260.069,260.973,261.497,261.324,260.973,262.009,261.669,262.835,262.835,261.84,261.324,260.795,260.616,258.734,259.883,260.069,258.134,260.07,260.07,261.496,260.615,260.253,258.93,259.124,258.734,259.883,259.317,257.931,257.725,259.507,260.616,261.149,260.796,260.069,263.473,264.991,265.138,266.272,267.998,268.998,268.504,273.605,283.134,288.741,285.695,279.138,274.865,274.961,275.879,275.968,279.909,281.791,278.182,272.698,276.053,286.032,293.384,288.515,280.931,290.681,299.837,294.618,288.461,293.812,290.922,290.583,287.733,285.756,288.473,291.513,290.86,293.732,299.174,297.952,298.201,296.949,295.55,297.598,298.443,303.064,304.445,302.906,303.385,303.162,301.623,300.829,300.923,300.327,299.054,297.386,296.877,295.899,294.064,292.655,291.622,285.628,288.942,295.619,298.918,300.104,299.846,300.922,301.892,302.651,303.19
85.14,267.479,266.682,264.547,263.316,261.497,263.157,261.149,260.435,258.734,257.307,258.535,258.536,258.134,257.095,257.517,257.725,258.536,260.254,260.253,260.069,260.253,257.93,258.337,259.316,259.507,261.84,262.835,262.009,263.474,264.246,265.137,268.995,273.212,272.071,268.126,268.873,276.576,271.306,265.57,265.282,266.683,265.137,265.713,264.844,267.219,266.818,267.086,268.125,270.186,268.628,266.272,263.63,263.156,269.23,281.914,282.75,290.719,287.838,277.759,273.409,267.216,262.343,261.84,260.253,259.697,260.435,261.149,260.795,260.973,259.317,260.616,261.84,260.616,262.009,261.669,260.253,260.254,261.149,260.973,260.435,260.253,258.93,260.069,260.07,259.883,261.324,261.323,261.497,261.497,260.254,259.696,259.697,260.616,260.616,259.696,259.884,260.616,260.617,260.795,259.884,258.336,259.507,258.334,259.508,259.317,257.307,258.336,258.134,260.973,259.695,261.324,261.669,264.091,266.272,266.818,266.683,267.87,266.952,270.526,278.962,287.459,288.367,281.922,275.422,271.854,271.532,272.906,273.413,277.611,278.671,275.788,272.906,277.685,286.168,288,285.035,290.555,295.298,295.759,289.972,296.682,290.918,285.819,284.98,286.841,280.945,282.267,288.618,293.467,294.312,295.229,299.284,298.305,296.758,294.434,295.315,298.813,303.126,304.813,303.16,302.421,302.246,300.89,300.641,299.877,299.748,297.847,294.788,293.261,293.939,292.787,290.492,287.782,288.217,294.119,298.975,299.453,300.198,299.552,301.319,302.01,302.794,303.022
85.21,266.818,266.41,266.134,264.547,264.396,264.246,262.009,261.497,261.324,259.697,259.697,257.931,258.337,257.095,258.337,259.697,259.317,258.536,260.253,259.317,260.069,258.134,258.536,258.536,261.323,261.497,262.343,262.343,262.672,263.784,265.426,269.234,274.007,274.006,270.98,272.176,274.104,270.521,264.844,264.246,264.547,263.941,264.696,266.547,266.818,265.427,264.696,266.134,267.871,266.546,265.569,262.342,262.994,270.294,279.446,288.408,291.936,284.026,270.16,267.085,265.569,262.673,260.252,259.317,260.435,260.069,260.973,261.149,260.795,259.884,260.973,261.497,258.336,259.883,261.497,261.149,261.497,260.253,259.697,259.883,260.436,260.253,261.669,260.616,260.973,260.973,261.669,260.973,260.436,259.317,259.508,259.125,261.149,259.696,258.536,259.124,258.734,258.93,260.253,260.068,258.734,259.507,258.929,259.316,258.93,258.536,258.93,258.336,259.508,259.697,260.253,261.669,265.137,266.133,266.133,267.085,265.994,267.998,274.765,282.546,287.571,285.516,278.745,273.312,271.092,270.186,270.981,273.109,277.02,276.057,272.699,273.007,278.827,284.234,288.218,289.255,293.076,298.613,296.876,296.828,298.963,289.602,283.476,284.429,285.521,285.09,282.128,295.429,295.628,295.746,295.512,295.623,298.131,297.384,298.27,297.166,301.283,303.771,304.205,303.049,302.158,302.304,301.624,299.452,299.188,297.31,293.812,292.212,292.077,290.827,293.219,292.919,286.497,293.793,300.474,301.199,299.909,300.797,301.442,301.473,301.654,302.275,302.04
85.28,270.184,267.482,266.952,266.41,265.57,264.991,264.546,263.63,262.343,260.973,260.069,258.536,258.93,259.317,257.725,258.135,259.317,260.253,258.536,259.697,259.123,257.931,259.697,260.616,262.177,260.973,261.497,261.839,262.344,266.131,266.818,268.627,275.053,281.49,275.419,273.512,273.612,269.596,264.843,263.786,264.397,262.996,264.246,265.853,264.245,264.093,263.63,264.545,265.137,263.94,264.397,260.973,263.312,270.295,279.058,287.993,292.742,279.071,267.084,263.786,262.672,260.435,259.507,257.517,258.135,259.506,262.672,262.009,260.07,259.508,259.884,258.93,257.725,260.616,262.009,262.177,260.069,261.148,262.009,259.316,257.931,260.253,261.497,259.697,258.93,258.734,260.251,260.617,259.316,259.508,259.507,258.134,258.536,260.616,259.317,258.337,259.697,259.124,260.254,260.616,259.697,258.93,258.535,258.135,258.135,258.93,258.536,259.696,259.697,259.508,259.882,262.009,262.997,264.696,263.94,265.138,266.134,270.069,276.321,281.723,282.818,281.014,276.923,271.313,269.6,269.361,269.836,271.093,271.091,270.415,268.752,272.173,278.745,283.598,288.587,289.856,293.217,295.541,296.235,300.038,298.146,289.402,283.017,281.58,282.066,288.714,294.897,294.796,298.339,299.185,298.531,295.77,293.897,293.292,297.258,302.01,303.134,302.851,302.126,303.635,302.533,299.214,300.069,297.945,295.853,292.694,289.094,289.954,291.017,292.388,292.165,288.472,290.962,297.266,301.073,301.077,301.257,301.563,302.65,302.418,301.892,301.714,301.077
85.35,280.322,275.995,271.954,266.951,263.94,264.093,265.712,265.426,262.995,260.972,260.616,260.253,260.069,259.697,258.734,258.337,258.734,260.07,258.734,261.149,259.696,259.507,260.435,261.323,262.834,261.839,262.009,263.938,268.619,271.418,270.408,269.118,275.603,285.794,279.056,274.393,273.411,268.499,263.63,262.673,262.672,263.157,264.547,264.246,261.84,261.324,261.669,262.344,262.509,262.835,263.786,261.148,264.544,271.415,281.288,285.582,291.292,274.469,262.508,262.343,262.343,262.009,260.973,259.884,259.508,260.616,261.497,261.324,260.973,258.929,258.734,260.436,261.497,260.795,261.149,261.669,259.882,260.069,260.617,260.069,260.254,259.317,260.616,260.434,259.125,258.734,259.507,259.317,258.134,258.93,260.07,258.93,259.695,260.616,259.884,257.517,258.93,258.734,259.124,260.436,260.069,259.884,260.069,259.697,259.317,258.536,258.734,259.317,259.124,259.884,261.149,262.176,263.785,264.246,262.343,264.696,266.272,270.068,275.876,279.603,278.743,276.755,273.31,270.069,267.48,267.871,269.36,269.119,267.87,267.482,267.996,273.21,277.609,282.614,287.622,290.78,290.152,290.001,294.302,298.545,297.299,289.199,281.865,278.104,276.059,277.444,282.712,294.695,300.357,300.798,302.099,301.161,296.611,292.865,292.896,299.385,300.294,300.229,299.474,303.551,302.088,297.059,296.237,294.675,290.728,287.46,286.511,288.11,290.395,292.256,290.635,289.103,294.79,300.727,302.362,301.382,301.322,302.449,303.134,302.965,301.803,301.473,300.006
85.42,278.722,283.538,276.665,267.48,263.316,264.397,267.086,267.086,266.134,261.323,259.124,259.884,258.93,259.124,257.725,258.734,258.535,259.884,258.336,259.507,260.436,260.973,261.497,263.315,264.397,264.844,264.093,268.123,274.295,276.324,276.23,272.803,276.411,282.606,278.263,274.68,271.641,267.083,263.786,263.474,263.157,263.316,263.786,264.093,262.835,262.835,261.84,261.839,263.316,262.672,261.149,259.317,265.849,273.999,284.476,283.925,288.732,275.177,262.672,262.343,263.157,263.316,261.497,261.497,258.135,258.535,260.253,261.84,259.507,257.931,258.336,260.436,259.508,261.149,260.616,262.176,262.835,261.324,259.883,260.254,259.697,259.883,261.497,260.973,259.508,260.435,260.617,259.508,259.697,259.317,259.508,261.324,260.616,259.884,258.93,258.734,257.517,259.507,260.07,258.734,259.317,258.929,258.734,259.124,258.734,257.725,259.317,260.436,259.508,260.069,261.324,262.508,264.246,263.316,261.84,262.343,263.94,266.951,272.069,274.489,273.512,270.98,269.119,266.952,265.137,265.713,266.952,266.41,265.569,265.712,269.831,275.878,278.828,283.274,288.053,287.627,288.377,288.215,287.175,292.471,300.314,292.753,279.911,279.529,279.06,280.503,288.674,300.068,302.993,302.993,302.993,302.532,302.679,300.248,295.114,297.92,298.37,296.944,295.907,301.888,301.124,294.71,290,287.943,286.785,284.051,286.111,287.949,291.386,291.063,285.512,291.258,299.594,302.793,303.469,302.303,302.391,303.302,303.635,302.993,301.981,300.704,298.267
85.49,273.793,283.85,279.044,268.492,265.136,265.57,267.219,265.712,265.427,263.939,261.839,260.253,260.253,259.125,259.317,260.069,259.317,259.317,258.93,259.696,259.884,262.176,262.996,263.157,266.132,269.597,269.24,272.279,276.761,279.757,281.652,276.587,276.5,279.755,276.5,274.585,273.712,269.233,263.474,263.94,263.157,263.63,263.316,263.157,262.343,262.508,262.672,260.254,263.316,263.316,260.436,261.323,267.996,273.608,281.432,280.428,273.894,265.563,262.176,260.973,262.009,262.672,261.669,261.324,261.669,260.973,261.669,261.669,260.07,260.973,261.149,259.695,260.616,261.497,259.884,260.616,261.149,259.508,259.508,260.07,261.149,260.796,261.324,262.176,260.253,259.884,260.796,260.07,260.796,260.254,260.436,260.07,260.436,258.734,257.931,259.125,259.124,259.124,258.135,258.536,259.884,260.252,258.335,259.124,259.124,258.535,259.124,259.124,257.517,260.616,262.009,262.343,263.156,262.343,261.669,262.997,262.835,265.993,269.952,270.981,271.092,268.997,267.219,266.409,264.246,265.854,266.41,264.844,265.57,266.547,270.179,276.324,279.985,283.538,287.021,286.681,285.268,293.762,298.399,298.459,301.287,295.822,282.277,282.414,283.276,283.207,291.615,301.046,301.503,302.851,303.662,302.908,302.851,301.075,299.702,298.643,296.616,293.977,292.925,300.984,299.644,289,289.05,286.627,284.491,282.885,282.004,285.571,291.987,291.343,290.629,297.269,302.089,303.469,303.19,302.391,303.078,303.078,303.134,302.216,301.107,300.263,297.919
85.56,266.676,284.083,285.105,278.66,271.635,268.251,269.238,267.738,266.409,264.547,261.84,260.616,258.93,259.697,260.436,259.124,259.124,258.135,259.884,261.497,261.149,262.344,263.157,265.425,271.422,275.055,274.102,276.055,281.3,284.548,286.626,279.374,276.148,276.762,277.105,274.679,272.282,267.609,263.316,262.835,263.631,264.246,263.474,264.094,262.343,263.316,262.508,260.436,262.343,262.008,260.973,264.991,270.186,271.533,274.294,275.24,268.74,261.324,261.323,262.176,263.157,261.323,260.795,261.669,260.254,259.315,261.323,261.84,260.796,259.696,260.436,261.324,261.84,260.068,260.616,261.669,262.835,262.672,262.835,263.157,261.324,261.324,261.149,260.614,259.315,260.616,261.497,261.324,259.884,260.616,261.149,259.317,261.323,261.149,260.973,259.882,260.795,260.069,259.316,259.697,260.616,259.508,259.697,259.883,260.253,260.796,261.324,260.253,260.435,262.177,262.509,262.672,261.839,260.796,260.07,261.324,262.996,266.409,268.629,268.379,268.997,269.481,267.086,264.246,264.397,266.272,265.854,265.138,264.991,264.844,269.115,275.513,281.369,284.918,288.056,289.246,286.643,296.421,301.352,302.04,301.832,299.727,290.901,286.154,288.348,288.673,296.831,301.473,301.92,303.717,303.826,303.607,303.302,303.496,303.769,300.952,297.256,290.426,296.556,300.854,297.269,286.738,286.847,283.279,282.002,282.141,282.277,286.275,292.032,292.301,295.023,300.943,303.133,303.717,303.744,303.33,302.622,302.449,302.246,301.654,301.443,298.576,295.112
85.63,266.399,280.187,282.072,281.717,286.39,281.502,277.592,273.106,268.752,265.135,262.176,260.973,260.07,261.149,258.929,259.508,260.07,259.317,258.93,260.253,263.786,264.844,266.547,269.596,276.385,284.386,281.772,281.431,285.754,292.015,288.735,280.282,277.105,277.527,278.51,275.145,271.423,266.677,263.316,264.547,264.546,263.316,262.508,263.156,262.509,263.63,263.63,260.973,262.509,261.149,260.435,266.131,271.641,272.176,274.104,273.908,267.6,261.149,261.669,261.323,259.695,260.069,261.669,262.673,260.973,260.615,260.796,260.795,259.317,259.508,259.315,259.317,260.253,261.149,260.795,260.436,261.84,262.343,263.631,262.671,261.324,260.254,260.07,259.884,257.725,259.882,260.973,260.616,261.669,260.617,261.497,261.669,262.009,260.972,260.435,260.069,258.735,258.93,260.973,261.324,260.617,260.796,259.508,260.796,259.883,258.734,260.616,261.324,260.616,261.669,261.669,261.149,260.436,259.883,259.317,260.068,263.629,267.613,268.253,266.547,267.218,267.741,266.409,264.397,264.397,264.844,264.397,265.854,265.57,263.786,268.747,276.146,281.298,286.852,286.562,291.621,294.415,300.388,301.382,302.535,302.965,301.011,296.009,293.422,294.956,293.035,297.164,300.829,301.742,303.133,304.338,303.69,304.124,304.312,303.218,301.41,298.535,295.885,298.717,297.196,292.201,285.164,281.586,279.755,279.377,283.212,286.342,286.397,289.807,293.542,300.637,303.134,303.662,303.854,303.386,303.022,302.965,302.737,301.23,301.106,300.799,296.684,293.002
85.7,269.709,273.403,272.279,282.593,288.371,287.296,275.401,266.682,261.839,261.84,259.696,260.435,260.617,259.507,259.884,259.125,260.069,262.009,261.669,264.991,265.853,266.545,273.41,279.451,287.168,283.662,285.4,290.248,290.587,286.905,279.528,276.588,279.219,279.684,275.331,268.994,262.338,262.176,265.57,265.993,263.315,262.009,262.672,261.84,263.316,263.157,261.324,260.253,259.696,260.435,266.681,271.749,273.109,272.7,271.529,265.704,262.177,261.149,259.124,259.125,259.508,260.795,261.324,261.497,261.149,259.883,260.253,259.124,259.884,261.149,259.697,258.536,260.973,260.616,260.973,263.474,262.509,262.509,261.669,262.996,261.84,260.435,260.253,260.254,259.883,259.883,259.884,260.617,260.617,260.796,259.883,261.669,261.324,260.616,260.069,259.882,259.317,260.616,260.972,259.883,259.317,259.884,259.883,260.434,260.616,261.324,263.155,263.156,262.009,262.343,261.149,260.435,258.93,258.135,260.068,262.834,265.853,267.482,266.683,266.272,266.272,265.138,264.696,264.844,264.991,265.427,264.844,264.093,263.157,269.231,277.772,283.015,285.935,288.885,294.344,297.697,301.563,302.535,303.744,303.413,302.415,298.475,296.865,296.461,298.231,296.349,298.642,299.933,302.963,303.771,303.961,304.839,303.881,304.124,303.717,303.44,301.379,298.333,293.469,286.846,281.656,278.59,277.36,278.67,282.479,285.995,285.876,290.212,299.116,302.708,303.799,303.69,303.469,302.848,301.103,302.823,301.593,300.008,299.846,299.518,298.875,293.385,290
